Белгород;1
Губкин;2
Старый Оскол;3
Брянск;4
Навля;5
Клинцы;6
Новозыбков;7
Владимир;8
Гусь-Хрустальный;9
Ковров;10
Муром;11
Воронеж;12
Борисоглебск;13
Россошь;14
Иваново;15
Кинешма;16
Калуга;17
Людиново;18
Обнинск;19
Кострома;20
Шарья;21
Курск;22
Железногорск;23
Обоянь;24
Липецк;25
Елец;26
Воскресенск;27
Истра;28
Клин;29
Красногорск;30
Люберцы;31
Ногинск;32
Одинцово;33
Орехово-Зуево;34
Павловский Посад;35
Подольск;36
Раменское;37
Сергиев Посад;38
Серпухов;39
Ступино;40
Электросталь;41
Орел;42
Ливны;43
Мценск;44
Рязань;45
Касимов;46
Сасово;47
Скопин;48
Смоленск;49
Гагарин;50
Рославль;51
Ярцево;52
Тамбов;53
Мичуринск;54
Тверь;55
Бежецк;56
Кимры;57
Ржев;58
Тула;59
Новомосковск;60
Алексин;61
Ярославль;62
Рыбинск;63
г. Москва;64
Петрозаводск;65
Сегежа;66
Костомукша;67
Сыктывкар;68
Воркута;69
Ухта;70
Нарьян-Мар;71
Архангельск;72
Котлас;73
Северодвинск;74
Няндома;75
Вологда;76
Великий Устюг;77
Череповец;78
Калининград;79
Зеленоградск;80
Черняховск;81
Советск;82
Волхов;83
Выборг;84
Гатчина;85
Кингисепп;86
Кириши;87
Тихвин;88
Тосно;89
Мурманск;90
Апатиты;91
Североморск;92
Великий Новгород;93
Валдай;94
Боровичи;95
Старая Русса;96
Псков;97
Остров;98
Великие Луки;99
г.Санкт-Петербург;100
Майкоп;101
Элиста;102
Городовиковск;103
Лагань;104
Симферополь;105
Евпатория;106
Керчь;107
Ялта;108
Краснодар;109
Армавир;110
Ейск;111
Новороссийск;112
г. Сочи;113
Туапсе;114
Астрахань;115
Ахтубинск;116
Волгоград;117
Камышин;118
Михайловка;119
Ростов-на-Дону;120
Миллерово;121
Волгодонск;122
Таганрог;123
Шахты;124
Сальск;125
г.Севастополь;126
Махачкала;127
Дербент;128
Кизляр;129
Хасавюрт;130
Назрань;131
Магас;132
Малгобек;133
Нальчик;134
Прохладный;135
Черкесск;136
Карачаевск;137
Владикавказ;138
Грозный;139
Гудермес;140
Ставрополь;141
Буденновск;142
Невинномысск;143
Пятигорск;144
Уфа;145
Нефтекамск;146
Сибай;147
Стерлитамак;148
Йошкар-Ола;149
Волжск;150
Саранск;151
Ковылкино;152
Казань;153
Зеленодольск;154
Набережные Челны;155
Ижевск;156
Воткинск;157
Можга;158
Чебоксары;159
Канаш;160
Пермь;161
Кудымкар;162
Березники;163
Чайковский;164
Киров;165
Кирово-Чепецк;166
Вятские Поляны;167
Нижний Новгород;168
Городец;169
Лысково;170
Семенов;171
Урень;172
Арзамас;173
Дзержинск;174
Оренбург;175
Бузулук;176
Орск;177
Пенза;178
Кузнецк;179
Сердобск;180
Самара;181
Сызрань;182
Тольятти;183
Отрадный;184
Саратов;185
Балаково;186
Балашов;187
Ртищево;188
Ульяновск;189
Димитровград;190
Курган;191
Шадринск;192
Екатеринбург;193
Каменск-Уральский;194
Нижний Тагил;195
Первоуральск;196
Серов;197
Ханты-Мансийск;198
Нижневартовск;199
Сургут;200
Белоярский;201
Салехард;202
Надым;203
Новый Уренгой;204
Ноябрьск;205
Тюмень;206
Ишим;207
Тобольск;208
Челябинск;209
Кыштым;210
Магнитогорск;211
Миасс;212
Горно-Алтайск;213
Кызыл;214
Шагонар;215
Абакан;216
Черногорск;217
Барнаул;218
Бийск;219
Рубцовск;220
Красноярск;221
Ачинск;222
Канск;223
Лесосибирск;224
Минусинск;225
Норильск;226
Иркутск;227
Ангарск;228
Братск;229
Зима;230
Тайшет;231
Усть-Илимск;232
Кемерово;233
Новокузнецк;234
Прокопьевск;235
Юрга;236
Новосибирск;237
Бердск;238
Куйбышев;239
Омск;240
Исилькуль;241
Калачинск;242
Тара;243
Томск;244
Асино;245
Колпашево;246
Стрежевой;247
Улан-Удэ;248
пгт.Селенгинск;249
Северобайкальск;250
Якутск;251
Мирный;252
Нерюнгри;253
Олекминск;254
Вилюйск;255
Зырянка;256
Усть-Нера;257
Чита;258
пгт.Агинское;259
Краснокаменск;260
Могоча;261
Петропавловск-Камчатский;262
пгт.Палана;263
Владивосток;264
Находка;265
Спасск-Дальний;266
Уссурийск;267
Хабаровск;268
Комсомольск-на-Амуре;269
Благовещенск;270
Зея;271
Свободный;272
Тында;273
Магадан;274
Сусуман;275
Усть-Омчуг;276
Южно-Сахалинск;277
Корсаков;278
Оха;279
Поронайск;280
Биробиджан;281
Анадырь;282
Певек;283
Зеленоград;284